Workbook

Sheet Form Responses 1
A1: Timestamp | B1: Username | C1: LC R3 [Peterborough vs Barnsley] | D1: LC R3 [West Ham vs Fulham] | E1: LC R3 [Ipswich vs Arsenal] | F1: LC R3 [Liverpool vs Spurs] | G1: LC R3 [Reading vs Brentford] | H1: LC R3 [Everton vs Wolves] | I1: LC R3 [Fleetwood vs Sheffield Utd] | J1: LC R3 [Coventry vs Aston Villa] | K1: LC R3 [Man Utd vs Brighton] | L1: LC R3 [Man City vs Norwich] | P1: Away | Q1: Draw | R1: Away | S1: Draw | T1: Draw | U1: Draw | V1: Away | W1: Away | X1: Away | Y1: Home
A2: 46254.626 | B2: MadeMIGMIG | C2: Home | D2: Away | E2: Away | F2: Draw | G2: Away | H2: Away | I2: Away | J2: Home | K2: Away | L2: Draw | N2: MadeMIGMIG | O2: 3 | P2: 1 | Q2: 0 | R2: 0 | S2: 0 | T2: 1 | U2: 0 | V2: 0 | W2: 1 | X2: 0 | Y2: 0 | AA2: PL MD1 | AB2: Arsenal 3 - 0 Coventry | AC2: Hull 2 - 0 Man Utd | AD2: Everton 2 - 0 Crystal Palace | AE2: Ipswich 2 - 1 Sunderland | AF2: Nott'm Forest 0 - 1 Leeds | AG2: Brentford 3 - 0 Spurs | AH2: Brighton 4 - 0 Aston Villa | AI2: Man City 2 - 1 Bournemouth | AJ2: Newcastle 2 - 2 Liverpool | AK2: Fulham 2 - 3 Chelsea
A3: 46254.628 | B3: AffectionateLeg9895 | C3: Home | D3: Away | E3: Draw | F3: Draw | G3: Draw | H3: Draw | I3: Draw | J3: Home | K3: Away | L3: Away | N3: AffectionateLeg9895 | O3: 3 | P3: 1 | Q3: 0 | R3: 0 | S3: 0 | T3: 0 | U3: 0 | V3: 0 | W3: 1 | X3: 0 | Y3: 1 | AA3: H | AB3: 45 | AC3: 0 | AD3: 15 | AE3: 2 | AF3: 20 | AG3: 9 | AH3: 18 | AI3: 41 | AJ3: 2 | AK3: 3
A4: 46254.628 | B4: m_audette99 | C4: Draw | D4: Away | E4: Draw | F4: Draw | G4: Away | H4: Home | I4: Away | J4: Home | K4: Away | L4: Away | N4: m_audette99 | O4: 4 | P4: 0 | Q4: 0 | R4: 0 | S4: 0 | T4: 1 | U4: 1 | V4: 0 | W4: 1 | X4: 0 | Y4: 1 | AA4: D | AB4: 3 | AC4: 5 | AD4: 34 | AE4: 15 | AF4: 18 | AG4: 19 | AH4: 21 | AI4: 13 | AJ4: 10 | AK4: 11
A5: 46254.631 | B5: asparagusdreaming | C5: Home | D5: Draw | E5: Home | F5: Draw | G5: Home | H5: Away | I5: Draw | J5: Draw | K5: Away | L5: Draw | N5: asparagusdreaming | O5: 2 | P5: 1 | Q5: 0 | R5: 1 | S5: 0 | T5: 0 | U5: 0 | V5: 0 | W5: 0 | X5: 0 | Y5: 0 | AA5: A | AB5: 2 | AC5: 47 | AD5: 4 | AE5: 36 | AF5: 15 | AG5: 25 | AH5: 16 | AI5: 1 | AJ5: 43 | AK5: 41
A6: 46254.631 | B6: 26ld | C6: Home | D6: Draw | E6: Home | F6: Draw | G6: Draw | H6: Home | I6: Home | J6: Draw | K6: Draw | L6: Draw | N6: 26ld | O6: 5 | P6: 1 | Q6: 0 | R6: 1 | S6: 0 | T6: 0 | U6: 1 | V6: 1 | W6: 0 | X6: 1 | Y6: 0
A7: 46254.632 | B7: Ummagumma- | C7: Home | D7: Away | E7: Draw | F7: Away | G7: Home | H7: Away | I7: Draw | J7: Home | K7: Home | L7: Away | N7: Ummagumma- | O7: 3 | P7: 1 | Q7: 0 | R7: 0 | S7: 0 | T7: 0 | U7: 0 | V7: 0 | W7: 1 | X7: 0 | Y7: 1
A8: 46254.636 | B8: Dudhjalebi | C8: Home | D8: Away | E8: Draw | F8: Away | G8: Home | H8: Draw | I8: Away | J8: Home | K8: Away | L8: Away | N8: Dudhjalebi | O8: 3 | P8: 1 | Q8: 0 | R8: 0 | S8: 0 | T8: 0 | U8: 0 | V8: 0 | W8: 1 | X8: 0 | Y8: 1
A9: 46254.638 | B9: chopke | C9: Home | D9: Away | E9: Home | F9: Away | G9: Home | H9: Away | I9: Draw | J9: Home | K9: Away | L9: Away | N9: chopke | O9: 4 | P9: 1 | Q9: 0 | R9: 1 | S9: 0 | T9: 0 | U9: 0 | V9: 0 | W9: 1 | X9: 0 | Y9: 1
A10: 46254.639 | B10: prestidigigreen | C10: Home | D10: Away | E10: Draw | F10: Draw | G10: Home | H10: Away | I10: Home | J10: Home | K10: Away | L10: Away | N10: prestidigigreen | O10: 4 | P10: 1 | Q10: 0 | R10: 0 | S10: 0 | T10: 0 | U10: 0 | V10: 1 | W10: 1 | X10: 0 | Y10: 1
A11: 46254.641 | B11: JhnCook | C11: Home | D11: Away | E11: Home | F11: Away | G11: Draw | H11: Draw | I11: Home | J11: Home | K11: Away | L11: Away | N11: JhnCook | O11: 5 | P11: 1 | Q11: 0 | R11: 1 | S11: 0 | T11: 0 | U11: 0 | V11: 1 | W11: 1 | X11: 0 | Y11: 1
A12: 46254.644 | B12: narwoolTF2 | C12: Home | D12: Draw | E12: Away | F12: Away | G12: Draw | H12: Home | I12: Away | J12: Home | K12: Away | L12: Away | N12: narwoolTF2 | O12: 4 | P12: 1 | Q12: 0 | R12: 0 | S12: 0 | T12: 0 | U12: 1 | V12: 0 | W12: 1 | X12: 0 | Y12: 1
A13: 46254.645 | B13: zigooloo | C13: Home | D13: Away | E13: Draw | F13: Draw | G13: Away | H13: Away | I13: Home | J13: Home | K13: Draw | L13: Away | N13: zigooloo | O13: 6 | P13: 1 | Q13: 0 | R13: 0 | S13: 0 | T13: 1 | U13: 0 | V13: 1 | W13: 1 | X13: 1 | Y13: 1
A14: 46254.649 | B14: sjrotella | C14: Home | D14: Away | E14: Draw | F14: Away | G14: Away | H14: Draw | I14: Draw | J14: Draw | K14: Away | L14: Draw | N14: sjrotella | O14: 2 | P14: 1 | Q14: 0 | R14: 0 | S14: 0 | T14: 1 | U14: 0 | V14: 0 | W14: 0 | X14: 0 | Y14: 0
A15: 46254.653 | B15: Ninovd | C15: Home | D15: Away | E15: Draw | F15: Away | G15: Draw | H15: Away | I15: Away | J15: Away | K15: Draw | L15: Away | N15: Ninovd | O15: 3 | P15: 1 | Q15: 0 | R15: 0 | S15: 0 | T15: 0 | U15: 0 | V15: 0 | W15: 0 | X15: 1 | Y15: 1
A16: 46254.653 | B16: ASGT908 | C16: Home | D16: Away | E16: Draw | F16: Away | G16: Draw | H16: Away | I16: Draw | J16: Home | K16: Away | L16: Away | N16: ASGT908 | O16: 3 | P16: 1 | Q16: 0 | R16: 0 | S16: 0 | T16: 0 | U16: 0 | V16: 0 | W16: 1 | X16: 0 | Y16: 1
A17: 46254.656 | B17: mystic_wang_force | C17: Home | D17: Away | E17: Draw | F17: Away | G17: Draw | H17: Home | I17: Draw | J17: Home | K17: Draw | L17: Away | N17: mystic_wang_force | O17: 5 | P17: 1 | Q17: 0 | R17: 0 | S17: 0 | T17: 0 | U17: 1 | V17: 0 | W17: 1 | X17: 1 | Y17: 1
... A51: 46255.565 | B51: Kingudam767 | C51: Home | D51: Away | E51: Away | F51: Away | G51: Home | H51: Away | I51: Home | J51: Home | K51: Away | L51: Away | N51: Kingudam767 | O51: 4 | P51: 1 | Q51: 0 | R51: 0 | S51: 0 | T51: 0 | U51: 0 | V51: 1 | W51: 1 | X51: 0 | Y51: 1
A52: 46255.734 | B52: Mangoloid- | D52: Away | E52: Home | F52: Away | G52: Draw | H52: Draw | I52: Away | J52: Draw | K52: Home | L52: Away | N52: Mangoloid- | O52: 2 | P52: 0 | Q52: 0 | R52: 1 | S52: 0 | T52: 0 | U52: 0 | V52: 0 | W52: 0 | X52: 0 | Y52: 1
A53: 46256.16 | B53: Assyoghurt | D53: Away | E53: Draw | F53: Away | G53: Away | H53: Away | I53: Draw | J53: Home | K53: Away | L53: Away | N53: Assyoghurt | O53: 3 | P53: 0 | Q53: 0 | R53: 0 | S53: 0 | T53: 1 | U53: 0 | V53: 0 | W53: 1 | X53: 0 | Y53: 1
A54: 46256.337 | B54: ExCroGamer | E54: Draw | F54: Away | G54: Draw | H54: Away | I54: Draw | J54: Home | K54: Away | L54: Away | N54: ExCroGamer | O54: 2 | P54: 0 | Q54: 0 | R54: 0 | S54: 0 | T54: 0 | U54: 0 | V54: 0 | W54: 1 | X54: 0 | Y54: 1
A55: 46257.069 | B55: DCDA192 | I55: Away | J55: Home | K55: Away | L55: Away | N55: DCDA192 | O55: 2 | P55: 0 | Q55: 0 | R55: 0 | S55: 0 | T55: 0 | U55: 0 | V55: 0 | W55: 1 | X55: 0 | Y55: 1
A56: 46257.335 | B56: Averagefrogenjoyer49 | I56: Away | J56: Home | K56: Away | L56: Away | N56: Averagefrogenjoyer49 | O56: 2 | P56: 0 | Q56: 0 | R56: 0 | S56: 0 | T56: 0 | U56: 0 | V56: 0 | W56: 1 | X56: 0 | Y56: 1
A57: 46259.441 | B57: dahi-hater12 | C57: Home | D57: Away | E57: Away | F57: Away | G57: Home | H57: Home | I57: Home | J57: Away | K57: Home | L57: Home | N57: dahi-hater12 | O57: 9 | P57: 1 | Q57: 1 | R57: 1 | S57: 1 | T57: 0 | U57: 1 | V57: 1 | W57: 1 | X57: 1 | Y57: 1 | AA57: LC R2 | AB57: Ipswich 3 - 1 Leicester | AC57: Plymouth 2 - 4 Coventry | AD57: Stoke 1 (4) - 1 (5) Hull | AE57: Birmingham 1 - 6 Brentford | AF57: Nott'm Forest 0 - 2 Leeds | AG57: Newcastle 3 - 2 West Brom | AH57: Spurs 5 - 1 Charlton | AI57: Preston 0 - 4 Everton | AJ57: Chelsea 2 - 0 Luton | AK57: Fulham 3 - 0 Wimbledon
A58: 46259.441 | B58: JeremysJacquet | C58: Home | D58: Away | E58: Away | F58: Away | G58: Away | H58: Home | I58: Home | J58: Away | K58: Home | L58: Home | N58: JeremysJacquet | O58: 10 | P58: 1 | Q58: 1 | R58: 1 | S58: 1 | T58: 1 | U58: 1 | V58: 1 | W58: 1 | X58: 1 | Y58: 1 | AA58: H | AB58: 24 | AC58: 2 | AD58: 6 | AE58: 3 | AF58: 15 | AG58: 44 | AH58: 42 | AI58: 1 | AJ58: 47 | AK58: 47
A59: 46259.442 | B59: Ummagumma- | C59: Home | D59: Away | E59: Away | F59: Away | G59: Home | H59: Home | I59: Home | J59: Away | K59: Home | L59: Home | N59: Ummagumma- | O59: 9 | P59: 1 | Q59: 1 | R59: 1 | S59: 1 | T59: 0 | U59: 1 | V59: 1 | W59: 1 | X59: 1 | Y59: 1 | AA59: A | AB59: 1 | AC59: 23 | AD59: 19 | AE59: 23 | AF59: 11 | AG59: 2 | AH59: 4 | AI59: 45 | AJ59: 1 | AK59: 1
A60: 46259.443 | B60: ArrozConPollo08 | C60: Home | D60: Away | E60: Away | F60: Away | G60: Home | H60: Home | I60: Home | J60: Away | K60: Home | L60: Home | N60: ArrozConPollo08 | O60: 9 | P60: 1 | Q60: 1 | R60: 1 | S60: 1 | T60: 0 | U60: 1 | V60: 1 | W60: 1 | X60: 1 | Y60: 1
A61: 46259.446 | B61: Konapleto | C61: Home | D61: Away | E61: Away | F61: Away | G61: Home | H61: Home | I61: Home | J61: Away | K61: Home | L61: Home | N61: Konapleto | O61: 9 | P61: 1 | Q61: 1 | R61: 1 | S61: 1 | T61: 0 | U61: 1 | V61: 1 | W61: 1 | X61: 1 | Y61: 1
A62: 46259.446 | B62: bloodyfeelin | C62: Home | D62: Away | E62: Away | F62: Away | G62: Away | H62: Home | I62: Home | J62: Away | K62: Home | L62: Home | N62: bloodyfeelin | O62: 10 | P62: 1 | Q62: 1 | R62: 1 | S62: 1 | T62: 1 | U62: 1 | V62: 1 | W62: 1 | X62: 1 | Y62: 1
A63: 46259.449 | B63: Pyrolaxian | C63: Home | D63: Away | E63: Away | F63: Away | G63: Home | H63: Home | I63: Home | J63: Away | K63: Home | L63: Home | N63: Pyrolaxian | O63: 9 | P63: 1 | Q63: 1 | R63: 1 | S63: 1 | T63: 0 | U63: 1 | V63: 1 | W63: 1 | X63: 1 | Y63: 1
A64: 46259.45 | B64: f4lcon | C64: Home | D64: Away | E64: Away | F64: Away | G64: Away | H64: Home | I64: Home | J64: Away | K64: Home | L64: Home | N64: f4lcon | O64: 10 | P64: 1 | Q64: 1 | R64: 1 | S64: 1 | T64: 1 | U64: 1 | V64: 1 | W64: 1 | X64: 1 | Y64: 1
A65: 46259.453 | B65: AngryScotty22 | C65: Home | D65: Away | E65: Away | F65: Away | G65: Home | H65: Home | I65: Home | J65: Away | K65: Home | L65: Home | N65: AngryScotty22 | O65: 9 | P65: 1 | Q65: 1 | R65: 1 | S65: 1 | T65: 0 | U65: 1 | V65: 1 | W65: 1 | X65: 1 | Y65: 1
A66: 46259.458 | B66: nordic_marksman | C66: Home | D66: Away | E66: Home | F66: Home | G66: Away | H66: Home | I66: Home | J66: Away | K66: Home | L66: Home | N66: nordic_marksman | O66: 8 | P66: 1 | Q66: 1 | R66: 0 | S66: 0 | T66: 1 | U66: 1 | V66: 1 | W66: 1 | X66: 1 | Y66: 1
A67: 46259.459 | B67: RandomGuySayHii | C67: Home | D67: Away | E67: Away | F67: Away | G67: Home | H67: Home | I67: Home | J67: Away | K67: Home | L67: Home | N67: RandomGuySayHii | O67: 9 | P67: 1 | Q67: 1 | R67: 1 | S67: 1 | T67: 0 | U67: 1 | V67: 1 | W67: 1 | X67: 1 | Y67: 1
A68: 46259.474 | B68: loveandmonsters | C68: Home | D68: Away | E68: Away | F68: Away | G68: Home | H68: Home | I68: Home | J68: Away | K68: Home | L68: Home | N68: loveandmonsters | O68: 9 | P68: 1 | Q68: 1 | R68: 1 | S68: 1 | T68: 0 | U68: 1 | V68: 1 | W68: 1 | X68: 1 | Y68: 1
A69: 46259.475 | B69: IisIgnorantAF | C69: Home | D69: Away | E69: Away | F69: Away | G69: Home | H69: Home | I69: Home | J69: Away | K69: Home | L69: Home | N69: IisIgnorantAF | O69: 9 | P69: 1 | Q69: 1 | R69: 1 | S69: 1 | T69: 0 | U69: 1 | V69: 1 | W69: 1 | X69: 1 | Y69: 1
A70: 46259.487 | B70: Art_schlock | C70: Home | D70: Away | E70: Away | F70: Away | G70: Home | H70: Home | I70: Home | J70: Away | K70: Home | L70: Home | N70: Art_schlock | O70: 9 | P70: 1 | Q70: 1 | R70: 1 | S70: 1 | T70: 0 | U70: 1 | V70: 1 | W70: 1 | X70: 1 | Y70: 1
A71: 46259.489 | B71: MadeMIGMIG | C71: Home | D71: Away | E71: Away | F71: Away | G71: Home | H71: Home | I71: Home | J71: Away | K71: Home | L71: Home | N71: MadeMIGMIG | O71: 9 | P71: 1 | Q71: 1 | R71: 1 | S71: 1 | T71: 0 | U71: 1 | V71: 1 | W71: 1 | X71: 1 | Y71: 1
... A81: 46259.614 | B81: ASGT908 | C81: Home | D81: Away | E81: Home | F81: Home | G81: Away | H81: Home | I81: Home | J81: Home | K81: Home | L81: Home | N81: ASGT908 | O81: 7 | P81: 1 | Q81: 1 | R81: 0 | S81: 0 | T81: 1 | U81: 1 | V81: 1 | W81: 0 | X81: 1 | Y81: 1
A82: 46259.624 | B82: MatSa_ | F82: Away | G82: Home | H82: Home | I82: Home | J82: Away | K82: Home | L82: Home | N82: MatSa_ | O82: 6 | P82: 0 | Q82: 0 | R82: 0 | S82: 1 | T82: 0 | U82: 1 | V82: 1 | W82: 1 | X82: 1 | Y82: 1
A83: 46259.63 | B83: WaifuWarrior18 | H83: Home | I83: Home | J83: Away | K83: Home | L83: Home | N83: WaifuWarrior18 | O83: 5 | P83: 0 | Q83: 0 | R83: 0 | S83: 0 | T83: 0 | U83: 1 | V83: 1 | W83: 1 | X83: 1 | Y83: 1
A84: 46259.63 | B84: That_welsh_guy | H84: Home | I84: Home | J84: Away | K84: Home | L84: Home | N84: That_welsh_guy | O84: 5 | P84: 0 | Q84: 0 | R84: 0 | S84: 0 | T84: 0 | U84: 1 | V84: 1 | W84: 1 | X84: 1 | Y84: 1
A85: 46259.716 | B85: narwoolTF2 | H85: Away | I85: Away | J85: Away | K85: Home | L85: Home | N85: narwoolTF2 | O85: 3 | P85: 0 | Q85: 0 | R85: 0 | S85: 0 | T85: 0 | U85: 0 | V85: 0 | W85: 1 | X85: 1 | Y85: 1
A86: 46259.717 | B86: Ninovd | H86: Home | I86: Home | J86: Away | K86: Home | L86: Home | N86: Ninovd | O86: 5 | P86: 0 | Q86: 0 | R86: 0 | S86: 0 | T86: 0 | U86: 1 | V86: 1 | W86: 1 | X86: 1 | Y86: 1
A87: 46259.773 | B87: TraceOfHumanity | H87: Home | I87: Home | J87: Away | K87: Home | L87: Home | N87: TraceOfHumanity | O87: 5 | P87: 0 | Q87: 0 | R87: 0 | S87: 0 | T87: 0 | U87: 1 | V87: 1 | W87: 1 | X87: 1 | Y87: 1
A88: 46259.786 | B88: zzupler | H88: Home | I88: Home | J88: Away | K88: Home | L88: Home | N88: zzupler | O88: 5 | P88: 0 | Q88: 0 | R88: 0 | S88: 0 | T88: 0 | U88: 1 | V88: 1 | W88: 1 | X88: 1 | Y88: 1
A89: 46259.833 | B89: JeremyJ | H89: Home | I89: Home | J89: Away | K89: Home | L89: Home | N89: JeremyJ | O89: 5 | P89: 0 | Q89: 0 | R89: 0 | S89: 0 | T89: 0 | U89: 1 | V89: 1 | W89: 1 | X89: 1 | Y89: 1
A90: 46259.916 | B90: Cl414 | H90: Home | I90: Away | J90: Away | K90: Home | L90: Home | N90: Cl414 | O90: 4 | P90: 0 | Q90: 0 | R90: 0 | S90: 0 | T90: 0 | U90: 1 | V90: 0 | W90: 1 | X90: 1 | Y90: 1
A91: 46259.98 | B91: davidlpool1982 | H91: Home | I91: Away | J91: Away | K91: Home | L91: Home | N91: davidlpool1982 | O91: 4 | P91: 0 | Q91: 0 | R91: 0 | S91: 0 | T91: 0 | U91: 1 | V91: 0 | W91: 1 | X91: 1 | Y91: 1
A92: 46260.003 | B92: Jack__Beanz | H92: Home | I92: Home | J92: Away | K92: Home | L92: Home | N92: Jack__Beanz | O92: 5 | P92: 0 | Q92: 0 | R92: 0 | S92: 0 | T92: 0 | U92: 1 | V92: 1 | W92: 1 | X92: 1 | Y92: 1
A93: 46260.114 | B93: MrCCCraft | H93: Home | I93: Home | J93: Away | K93: Home | L93: Home | N93: MrCCCraft | O93: 5 | P93: 0 | Q93: 0 | R93: 0 | S93: 0 | T93: 0 | U93: 1 | V93: 1 | W93: 1 | X93: 1 | Y93: 1
A94: 46260.236 | B94: Allstar3553 | H94: Home | I94: Home | J94: Away | K94: Home | L94: Home | N94: Allstar3553 | O94: 5 | P94: 0 | Q94: 0 | R94: 0 | S94: 0 | T94: 0 | U94: 1 | V94: 1 | W94: 1 | X94: 1 | Y94: 1
... A102: 46260.605 | B102: J_Stargazer | H102: Home | I102: Home | J102: Away | K102: Home | L102: Home | N102: J_Stargazer | O102: 5 | P102: 0 | Q102: 0 | R102: 0 | S102: 0 | T102: 0 | U102: 1 | V102: 1 | W102: 1 | X102: 1 | Y102: 1
A103: 46261.086 | B103: Alet404 | K103: Home | L103: Home | N103: Alet404 | O103: 2 | P103: 0 | Q103: 0 | R103: 0 | S103: 0 | T103: 0 | U103: 0 | V103: 0 | W103: 0 | X103: 1 | Y103: 1
A104: 46261.106 | B104: Rithvikkstar123 | K104: Home | L104: Home | N104: Rithvikstar123 | O104: 2 | P104: 0 | Q104: 0 | R104: 0 | S104: 0 | T104: 0 | U104: 0 | V104: 0 | W104: 0 | X104: 1 | Y104: 1
A105: 46262.437 | B105: afternoonshat | C105: Away | D105: Home | E105: Draw | F105: Home | G105: Home | H105: Home | I105: Draw | J105: Away | K105: Home | L105: Away | N105: afternoonshat | O105: 6 | P105: 1 | Q105: 0 | R105: 1 | S105: 0 | T105: 0 | U105: 1 | V105: 1 | W105: 0 | X105: 1 | Y105: 1 | AA105: PL MD2 | AB105: Crystal Palace 1 - 4 Man City | AC105: Liverpool 2 - 2 Nott'm Forest | AD105: Bournemouth 1 - 1 Everton | AE105: Coventry 0 - 1 Hull | AF105: Spurs 0 - 2 Newcastle | AG105: Chelsea 4 - 3 Brighton | AH105: Leeds 1 - 1 Brentford | AI105: Sunderland 1 - 0 Fulham | AJ105: Man Utd 5 - 2 Ipswich | AK105: Aston Villa 0 - 1 Arsenal
A106: 46262.439 | B106: Ignatius_Reillys_Hat | C106: Away | D106: Home | E106: Draw | F106: Draw | G106: Draw | H106: Home | I106: Draw | J106: Draw | K106: Home | L106: Away | N106: Ignatius_Reillys_Hat | O106: 6 | P106: 1 | Q106: 0 | R106: 1 | S106: 0 | T106: 0 | U106: 1 | V106: 1 | W106: 0 | X106: 1 | Y106: 1 | AA106: H | AB106: 1 | AC106: 27 | AD106: 11 | AE106: 14 | AF106: 12 | AG106: 19 | AH106: 4 | AI106: 10 | AJ106: 28 | AK106: 0
A107: 46262.439 | B107: iamm4r4 | C107: Away | D107: Home | E107: Draw | F107: Home | G107: Draw | H107: Draw | I107: Home | J107: Home | K107: Home | L107: Away | N107: iamm4r4 | O107: 5 | P107: 1 | Q107: 0 | R107: 1 | S107: 0 | T107: 0 | U107: 0 | V107: 0 | W107: 1 | X107: 1 | Y107: 1 | AA107: D | AB107: 3 | AC107: 0 | AD107: 12 | AE107: 10 | AF107: 10 | AG107: 9 | AH107: 10 | AI107: 10 | AJ107: 0 | AK107: 4
A108: 46262.439 | B108: DefinitelyNotBarney | C108: Away | D108: Home | E108: Away | F108: Home | G108: Away | H108: Draw | I108: Home | J108: Away | K108: Home | L108: Away | N108: DefinitelyNotBarney | O108: 4 | P108: 1 | Q108: 0 | R108: 0 | S108: 0 | T108: 1 | U108: 0 | V108: 0 | W108: 0 | X108: 1 | Y108: 1 | AA108: A | AB108: 19 | AC108: 0 | AD108: 5 | AE108: 4 | AF108: 6 | AG108: 1 | AH108: 15 | AI108: 9 | AJ108: 1 | AK108: 26
A109: 46262.443 | B109: JeremysJacquet | C109: Draw | D109: Home | E109: Away | F109: Home | G109: Home | H109: Home | I109: Away | J109: Home | K109: Home | L109: Away | N109: JeremysJacquet | O109: 4 | P109: 0 | Q109: 0 | R109: 0 | S109: 0 | T109: 0 | U109: 1 | V109: 0 | W109: 1 | X109: 1 | Y109: 1
A110: 46262.445 | B110: MadeMIGMIG | C110: Home | D110: Home | E110: Away | F110: Away | G110: Away | H110: Home | I110: Draw | J110: Away | K110: Home | L110: Draw | N110: MadeMIGMIG | O110: 5 | P110: 0 | Q110: 0 | R110: 0 | S110: 1 | T110: 1 | U110: 1 | V110: 1 | W110: 0 | X110: 1 | Y110: 0
A111: 46262.449 | B111: CB5 | C111: Away | D111: Home | E111: Home | F111: Draw | G111: Draw | H111: Draw | I111: Away | J111: Home | K111: Home | L111: Away | N111: CB5 | O111: 4 | P111: 1 | Q111: 0 | R111: 0 | S111: 0 | T111: 0 | U111: 0 | V111: 0 | W111: 1 | X111: 1 | Y111: 1
A112: 46262.449 | B112: Ponzales | C112: Away | D112: Home | E112: Draw | F112: Away | G112: Away | H112: Draw | I112: Away | J112: Away | K112: Home | L112: Away | N112: Ponzales | O112: 6 | P112: 1 | Q112: 0 | R112: 1 | S112: 1 | T112: 1 | U112: 0 | V112: 0 | W112: 0 | X112: 1 | Y112: 1
A113: 46262.457 | B113: HuskyFeline0927 | C113: Away | D113: Home | E113: Draw | F113: Home | G113: Home | H113: Home | I113: Draw | J113: Home | K113: Home | L113: Away | N113: HuskyFeline0927 | O113: 7 | P113: 1 | Q113: 0 | R113: 1 | S113: 0 | T113: 0 | U113: 1 | V113: 1 | W113: 1 | X113: 1 | Y113: 1
A114: 46262.464 | B114: bosscher47 | C114: Away | D114: Home | E114: Home | F114: Draw | G114: Draw | H114: Home | I114: Away | J114: Away | K114: Home | L114: Away | N114: bosscher47 | O114: 4 | P114: 1 | Q114: 0 | R114: 0 | S114: 0 | T114: 0 | U114: 1 | V114: 0 | W114: 0 | X114: 1 | Y114: 1
A115: 46262.465 | B115: ttcolector | C115: Away | D115: Home | E115: Draw | F115: Home | G115: Draw | H115: Draw | I115: Away | J115: Home | K115: Home | L115: Away | N115: ttcolector | O115: 5 | P115: 1 | Q115: 0 | R115: 1 | S115: 0 | T115: 0 | U115: 0 | V115: 0 | W115: 1 | X115: 1 | Y115: 1
A116: 46262.476 | B116: ross_a_m | C116: Away | D116: Home | E116: Draw | F116: Home | G116: Home | H116: Home | I116: Home | J116: Home | K116: Home | L116: Away | N116: ross_a_m | O116: 6 | P116: 1 | Q116: 0 | R116: 1 | S116: 0 | T116: 0 | U116: 1 | V116: 0 | W116: 1 | X116: 1 | Y116: 1
A117: 46262.477 | B117: Wafflebreeder | C117: Away | D117: Home | E117: Home | F117: Draw | G117: Home | H117: Home | I117: Draw | J117: Away | K117: Home | L117: Away | N117: Wafflebreeder | O117: 5 | P117: 1 | Q117: 0 | R117: 0 | S117: 0 | T117: 0 | U117: 1 | V117: 1 | W117: 0 | X117: 1 | Y117: 1
A118: 46262.479 | B118: mirest | C118: Away | D118: Home | E118: Draw | F118: Home | G118: Draw | H118: Draw | I118: Away | J118: Away | K118: Home | L118: Away | N118: mirest | O118: 4 | P118: 1 | Q118: 0 | R118: 1 | S118: 0 | T118: 0 | U118: 0 | V118: 0 | W118: 0 | X118: 1 | Y118: 1
A119: 46262.491 | B119: f4lcon | C119: Away | D119: Home | E119: Home | F119: Draw | G119: Home | H119: Home | I119: Away | J119: Draw | K119: Home | L119: Away | N119: f4lcon | O119: 4 | P119: 1 | Q119: 0 | R119: 0 | S119: 0 | T119: 0 | U119: 1 | V119: 0 | W119: 0 | X119: 1 | Y119: 1
A120: 46262.495 | B120: Ninovd | C120: Away | D120: Home | E120: Draw | F120: Home | G120: Draw | H120: Away | I120: Away | J120: Home | K120: Home | L120: Away | N120: Ninovd | O120: 5 | P120: 1 | Q120: 0 | R120: 1 | S120: 0 | T120: 0 | U120: 0 | V120: 0 | W120: 1 | X120: 1 | Y120: 1
... A127: 46262.618 | B127: Sockodile | C127: Away | D127: Home | E127: Away | F127: Home | G127: Home | H127: Home | I127: Home | J127: Draw | K127: Home | L127: Away | N127: Sockodile | O127: 4 | P127: 1 | Q127: 0 | R127: 0 | S127: 0 | T127: 0 | U127: 1 | V127: 0 | W127: 0 | X127: 1 | Y127: 1
A128: 46262.682 | B128: Apprehensive_Leg5209 | D128: Home | E128: Away | F128: Draw | G128: Draw | H128: Home | I128: Away | J128: Draw | K128: Home | L128: Away | N128: Apprehensive_Leg5209 | O128: 3 | P128: 0 | Q128: 0 | R128: 0 | S128: 0 | T128: 0 | U128: 1 | V128: 0 | W128: 0 | X128: 1 | Y128: 1
A129: 46262.944 | B129: Alet404 | D129: Home | E129: Home | F129: Home | G129: Draw | H129: Draw | I129: Away | J129: Away | K129: Home | L129: Away | N129: Alet404 | O129: 2 | P129: 0 | Q129: 0 | R129: 0 | S129: 0 | T129: 0 | U129: 0 | V129: 0 | W129: 0 | X129: 1 | Y129: 1
A130: 46263.247 | B130: mantj23 | D130: Home | E130: Draw | F130: Home | G130: Home | H130: Home | I130: Draw | J130: Away | K130: Home | L130: Away | N130: mantj23 | O130: 5 | P130: 0 | Q130: 0 | R130: 1 | S130: 0 | T130: 0 | U130: 1 | V130: 1 | W130: 0 | X130: 1 | Y130: 1
A131: 46263.304 | B131: ExCroGamer | D131: Home | E131: Home | F131: Draw | G131: Home | H131: Draw | I131: Away | J131: Draw | K131: Home | L131: Away | N131: ExCroGamer | O131: 2 | P131: 0 | Q131: 0 | R131: 0 | S131: 0 | T131: 0 | U131: 0 | V131: 0 | W131: 0 | X131: 1 | Y131: 1
A132: 46263.314 | B132: Babyfaceknees | E132: Draw | F132: Home | G132: Away | H132: Home | I132: Draw | J132: Draw | K132: Home | L132: Away | N132: Babyfaceknees | O132: 6 | P132: 0 | Q132: 0 | R132: 1 | S132: 0 | T132: 1 | U132: 1 | V132: 1 | W132: 0 | X132: 1 | Y132: 1
A133: 46264.311 | B133: TraceOfHumanity | H133: Home | I133: Away | J133: Draw | K133: Home | L133: Away | N133: TraceOfHumanity | O133: 3 | P133: 0 | Q133: 0 | R133: 0 | S133: 0 | T133: 0 | U133: 1 | V133: 0 | W133: 0 | X133: 1 | Y133: 1
A134: 46265.165 | B134: b112b112b | L134: Away | N134: b112b112b | O134: 1 | P134: 0 | Q134: 0 | R134: 0 | S134: 0 | T134: 0 | U134: 0 | V134: 0 | W134: 0 | X134: 0 | Y134: 1
A135: 46269.122 | B135: FreddieWhey | C135: Away | D135: Home | E135: Draw | F135: Draw | G135: Home | H135: Away | I135: Home | J135: Home | K135: Home | L135: Home | N135: FreddieWhey | O135: 4 | P135: 1 | Q135: 0 | R135: 1 | S135: 0 | T135: 1 | U135: 0 | V135: 0 | W135: 0 | X135: 0 | Y135: 1 | AA135: PL MD3 | AB135: Ipswich 0 - 2 Liverpool | AC135: Newcastle 2 - 2 Bournemouth | AD135: Nott'm Forest 0 - 0 Spurs | AE135: Fulham 2 - 3 Crystal Palace | AF135: Man City 1 - 0 Coventry | AG135: Brentford 1 - 1 Sunderland | AH135: Brighton 1 - 1 Leeds | AI135: Hull 0 - 0 Aston Villa | AJ135: Everton 2 - 2 Man Utd | AK135: Arsenal 2 - 1 Chelsea
A136: 46269.122 | B136: nordic_marksman | C136: Away | D136: Home | E136: Draw | F136: Draw | G136: Home | H136: Home | I136: Home | J136: Away | K136: Away | L136: Away | N136: nordic_marksman | O136: 3 | P136: 1 | Q136: 0 | R136: 1 | S136: 0 | T136: 1 | U136: 0 | V136: 0 | W136: 0 | X136: 0 | Y136: 0 | AA136: H | AB136: 0 | AC136: 17 | AD136: 20 | AE136: 16 | AF136: 39 | AG136: 27 | AH136: 18 | AI136: 5 | AJ136: 4 | AK136: 23
A137: 46269.123 | B137: narwoolTF2 | C137: Away | D137: Draw | E137: Draw | F137: Draw | G137: Home | H137: Home | I137: Away | J137: Away | K137: Draw | L137: Draw | N137: narwoolTF2 | O137: 5 | P137: 1 | Q137: 1 | R137: 1 | S137: 0 | T137: 1 | U137: 0 | V137: 0 | W137: 0 | X137: 1 | Y137: 0 | AA137: D | AB137: 0 | AC137: 20 | AD137: 8 | AE137: 18 | AF137: 0 | AG137: 8 | AH137: 15 | AI137: 14 | AJ137: 17 | AK137: 11
A138: 46269.135 | B138: zigooloo | C138: Away | D138: Home | E138: Home | F138: Home | G138: Home | H138: Home | I138: Home | J138: Draw | K138: Away | L138: Draw | N138: zigooloo | O138: 3 | P138: 1 | Q138: 0 | R138: 0 | S138: 0 | T138: 1 | U138: 0 | V138: 0 | W138: 1 | X138: 0 | Y138: 0 | AA138: A | AB138: 36 | AC138: 2 | AD138: 11 | AE138: 5 | AF138: 0 | AG138: 4 | AH138: 6 | AI138: 20 | AJ138: 19 | AK138: 6
A139: 46269.156 | B139: Alet404 | C139: Away | D139: Draw | E139: Away | F139: Home | G139: Home | H139: Home | I139: Home | J139: Draw | K139: Away | L139: Home | N139: Alet404 | O139: 5 | P139: 1 | Q139: 1 | R139: 0 | S139: 0 | T139: 1 | U139: 0 | V139: 0 | W139: 1 | X139: 0 | Y139: 1
A140: 46269.166 | B140: Neildrill | C140: Away | D140: Draw | E140: Home | F140: Draw | G140: Home | H140: Home | I140: Home | J140: Draw | K140: Draw | L140: Draw | N140: Neildrill | O140: 5 | P140: 1 | Q140: 1 | R140: 0 | S140: 0 | T140: 1 | U140: 0 | V140: 0 | W140: 1 | X140: 1 | Y140: 0
A141: 46269.166 | B141: TB_barky | C141: Away | D141: Draw | E141: Away | F141: Home | G141: Home | H141: Home | I141: Draw | J141: Away | K141: Home | L141: Home | N141: TB_barky | O141: 5 | P141: 1 | Q141: 1 | R141: 0 | S141: 0 | T141: 1 | U141: 0 | V141: 1 | W141: 0 | X141: 0 | Y141: 1
A142: 46269.172 | B142: u/McyNmiFT | C142: Away | D142: Away | E142: Home | F142: Draw | G142: Home | H142: Away | I142: Home | J142: Home | K142: Draw | L142: Away | N142: McyNmiFT | O142: 3 | P142: 1 | Q142: 0 | R142: 0 | S142: 0 | T142: 1 | U142: 0 | V142: 0 | W142: 0 | X142: 1 | Y142: 0
A143: 46269.182 | B143: snoohamster | C143: Away | D143: Draw | E143: Home | F143: Draw | G143: Home | H143: Home | I143: Draw | J143: Away | K143: Away | L143: Home | N143: snoohamster | O143: 5 | P143: 1 | Q143: 1 | R143: 0 | S143: 0 | T143: 1 | U143: 0 | V143: 1 | W143: 0 | X143: 0 | Y143: 1
A144: 46269.193 | B144: loveandmonsters | C144: Away | D144: Draw | E144: Away | F144: Home | G144: Home | H144: Home | I144: Home | J144: Away | K144: Away | L144: Home | N144: loveandmonsters | O144: 4 | P144: 1 | Q144: 1 | R144: 0 | S144: 0 | T144: 1 | U144: 0 | V144: 0 | W144: 0 | X144: 0 | Y144: 1
A145: 46269.203 | B145: TheLoudAss | C145: Away | D145: Draw | E145: Home | F145: Draw | G145: Home | H145: Home | I145: Home | J145: Draw | K145: Draw | L145: Home | N145: TheLoudAss | O145: 6 | P145: 1 | Q145: 1 | R145: 0 | S145: 0 | T145: 1 | U145: 0 | V145: 0 | W145: 1 | X145: 1 | Y145: 1
A146: 46269.209 | B146: DefinitelyNotBarney | C146: Away | D146: Home | E146: Away | F146: Home | G146: Home | H146: Draw | I146: Away | J146: Away | K146: Away | L146: Home | N146: DefinitelyNotBarney | O146: 4 | P146: 1 | Q146: 0 | R146: 0 | S146: 0 | T146: 1 | U146: 1 | V146: 0 | W146: 0 | X146: 0 | Y146: 1
A147: 46269.223 | B147: AngryScotty22 | C147: Away | D147: Home | E147: Draw | F147: Draw | G147: Home | H147: Home | I147: Draw | J147: Away | K147: Draw | L147: Home | N147: AngryScotty22 | O147: 6 | P147: 1 | Q147: 0 | R147: 1 | S147: 0 | T147: 1 | U147: 0 | V147: 1 | W147: 0 | X147: 1 | Y147: 1
A148: 46269.231 | B148: kopite33 | C148: Away | D148: Draw | E148: Away | F148: Draw | G148: Home | H148: Home | I148: Away | J148: Draw | K148: Draw | L148: Home | N148: kopite33 | O148: 6 | P148: 1 | Q148: 1 | R148: 0 | S148: 0 | T148: 1 | U148: 0 | V148: 0 | W148: 1 | X148: 1 | Y148: 1
A149: 46269.248 | B149: Qqq666 | C149: Away | D149: Away | E149: Home | F149: Draw | G149: Home | H149: Home | I149: Home | J149: Away | K149: Draw | L149: Home | N149: Qqq666 | O149: 4 | P149: 1 | Q149: 0 | R149: 0 | S149: 0 | T149: 1 | U149: 0 | V149: 0 | W149: 0 | X149: 1 | Y149: 1
A150: 46269.248 | B150: Joopface | C150: Away | D150: Draw | E150: Home | F150: Away | G150: Home | H150: Home | I150: Home | J150: Draw | K150: Away | L150: Home | N150: Joopface | O150: 6 | P150: 1 | Q150: 1 | R150: 0 | S150: 1 | T150: 1 | U150: 0 | V150: 0 | W150: 1 | X150: 0 | Y150: 1
... A170: 46269.599 | B170: ExCroGamer | C170: Away | D170: Home | E170: Home | F170: Draw | G170: Home | H170: Home | I170: Home | J170: Away | K170: Draw | L170: Home | N170: ExCroGamer | O170: 4 | P170: 1 | Q170: 0 | R170: 0 | S170: 0 | T170: 1 | U170: 0 | V170: 0 | W170: 0 | X170: 1 | Y170: 1
A171: 46269.724 | B171: No-Comfortable5902 | D171: Draw | E171: Home | F171: Home | G171: Home | H171: Home | I171: Draw | J171: Draw | K171: Away | L171: Draw | N171: No-Comfortable5902 | O171: 4 | P171: 0 | Q171: 1 | R171: 0 | S171: 0 | T171: 1 | U171: 0 | V171: 1 | W171: 1 | X171: 0 | Y171: 0
A172: 46270.026 | B172: b_k_l_y | D172: Draw | E172: Home | F172: Home | G172: Home | H172: Home | I172: Away | J172: Draw | K172: Away | L172: Home | N172: b_k_l_y | O172: 4 | P172: 0 | Q172: 1 | R172: 0 | S172: 0 | T172: 1 | U172: 0 | V172: 0 | W172: 1 | X172: 0 | Y172: 1
A173: 46270.312 | B173: Ninovd | D173: Home | E173: Home | F173: Draw | G173: Home | H173: Home | I173: Home | J173: Draw | K173: Home | L173: Home | N173: Ninovd | O173: 3 | P173: 0 | Q173: 0 | R173: 0 | S173: 0 | T173: 1 | U173: 0 | V173: 0 | W173: 1 | X173: 0 | Y173: 1
A174: 46270.821 | B174: CB5 | K174: Draw | L174: Draw | N174: CB5 | O174: 1 | P174: 0 | Q174: 0 | R174: 0 | S174: 0 | T174: 0 | U174: 0 | V174: 0 | W174: 0 | X174: 1 | Y174: 0
...

Sheet Sheet1
A1: * Round 1 (PL MD1) | D1: * Round 2 (LC R2) | G1: * Round 3 (PL MD2) | J1: * Round 4 (PL MD3) | M1: * Round 5 (UCL MD1) | P1: * Round 6 (PL MD4)
A2: {=sort('Form Responses 1'!N2:O56,'Form Responses 1'!O2:O56,0)} -> zigooloo | B2: 6 | D2: {=sort('Form Responses 1'!N57:O104,'Form Responses 1'!O57:O104,0)} -> JeremysJacquet | E2: 10 | G2: {=sort('Form Responses 1'!N105:O134,'Form Responses 1'!O105:O134,0)} -> HuskyFeline0927 | H2: 7 | J2: {=sort('Form Responses 1'!N135:O174,'Form Responses 1'!O135:O174,0)} -> WaifuWarrior18 | K2: 7 | M2: {=sort('Form Responses 1'!N175:O212,'Form Responses 1'!O175:O212,0)} -> loveandmonsters | N2: 10 | P2: {=sort('Form Responses 1'!N213:O245,'Form Responses 1'!O213:O245,0)} -> mchto | Q2: 6 | R2: =P19 -> KickStanKick | S2: =Q19 -> 3
A3: AndyB_1010 | B3: 6 | D3: bloodyfeelin | E3: 10 | G3: asparagusdreaming | H3: 7 | J3: none | K3: 7 | M3: qqq666 | N3: 10 | P3: Wtfitsd | Q3: 6 | R3: =P20 -> Sylviek | S3: =Q20 -> 3
A4: sockodile | B4: 6 | D4: f4lcon | E4: 10 | G4: afternoonshat | H4: 6 | J4: TheLoudAss | K4: 6 | M4: IkkeLilje | N4: 10 | P4: Alet404 | Q4: 6 | R4: =P21 -> Bosscher47 | S4: =Q21 -> 3
A5: mantj23 | B5: 6 | D5: crepss | E5: 10 | G5: Ignatius_Reillys_Hat | H5: 6 | J5: AngryScotty22 | K5: 6 | M5: Mrchestofdrawers | N5: 9 | P5: HuskyFeline0927 | Q5: 5 | R5: =P22 -> Rithvikstar123 | S5: =Q22 -> 3
A6: 26ld | B6: 5 | D6: Medaculous | E6: 10 | G6: Ponzales | H6: 6 | J6: kopite33 | K6: 6 | M6: f4lcon | N6: 9 | P6: agntkay | Q6: 5 | R6: =P23 -> CB5 | S6: =Q23 -> 3
A7: JhnCook | B7: 5 | D7: dahi-hater12 | E7: 9 | G7: ross_a_m | H7: 6 | J7: Joopface | K7: 6 | M7: KickStanKick | N7: 9 | P7: AngryScotty22 | Q7: 5 | R7: =P24 -> Thaisis | S7: =Q24 -> 3
A8: mystic_wang_force | B8: 5 | D8: Ummagumma- | E8: 9 | G8: Shoumaker | H8: 6 | J8: mchto | K8: 6 | M8: ASGT908 | N8: 9 | P8: loveandmonsters | Q8: 5 | R8: =P25 -> Hawkeye5481 | S8: =Q25 -> 3
A9: Noisogard | B9: 5 | D9: ArrozConPollo08 | E9: 9 | G9: Babyfaceknees | H9: 6 | J9: SpiritedBed2305 | K9: 6 | M9: TraceOfHumanity | N9: 9 | P9: ExCroGamer | Q9: 5 | R9: =P26 -> Neildrill | S9: =Q26 -> 3
A10: mirest | B10: 5 | D10: Konapleto | E10: 9 | G10: iamm4r4 | H10: 5 | J10: pagansaints | K10: 6 | M10: sockodile | N10: 9 | P10: No-Comfortable5902 | Q10: 5 | R10: =P27 -> nordic_marksman | S10: =Q27 -> 3
A11: Everybodylies7 | B11: 5 | D11: Pyrolaxian | E11: 9 | G11: MadeMIGMIG | H11: 5 | J11: mantj23 | K11: 6 | M11: Rithvikstar123 | N11: 9 | P11: JeremysJacquet | Q11: 4 | R11: =P28 -> blabla12356 | S11: =Q28 -> 3
A12: Smalk | B12: 5 | D12: AngryScotty22 | E12: 9 | G12: ttcolector | H12: 5 | J12: narwoolTF2 | K12: 5 | M12: iroh027 | N12: 9 | P12: f4lcon | Q12: 4 | R12: =P29 -> Ignatius_Reillys_Hat | S12: =Q29 -> 3
A13: Surreptitiousnoun | B13: 5 | D13: RandomGuySayHii | E13: 9 | G13: Wafflebreeder | H13: 5 | J13: Alet404 | K13: 5 | M13: TB_barky | N13: 9 | P13: Urumeesthambaan | Q13: 4 | R13: =P30 -> ASGT908 | S13: =Q30 -> 2
A14: m_audette99 | B14: 4 | D14: loveandmonsters | E14: 9 | G14: Ninovd | H14: 5 | J14: Neildrill | K14: 5 | M14: nordic_marksman | N14: 9 | P14: b112b112b | Q14: 4 | R14: =P31 -> yobroyobro | S14: =Q31 -> 2
... A17: narwoolTF2 | B17: 4 | D17: MadeMIGMIG | E17: 9 | G17: DefinitelyNotBarney | H17: 4 | J17: blackjack47 | K17: 5 | M17: Alet404 | N17: 8 | P17: narwoolTF2 | Q17: 3 | R17: =P34 -> djnole | S17: =Q34 -> 2
A18: Uuu | B18: 4 | D18: No-Syrup8581 | E18: 9 | G18: JeremysJacquet | H18: 4 | J18: ASGT908 | K18: 5 | M18: Lanky_Comment_6452 | N18: 8 | P18: FireyFan230 | Q18: 3
A19: Downtown-Peach-2326 | B19: 4 | D19: Janus93r | E19: 9 | G19: CB5 | H19: 4 | J19: b112b112b | K19: 5 | M19: b112b112b | N19: 8 | P19: KickStanKick | Q19: 3
A20: Gremlin2471 | B20: 4 | D20: Koplade | E20: 9 | G20: bosscher47 | H20: 4 | J20: Ignatius_Reillys_Hat | K20: 5 | M20: RandomGuySayHii | N20: 8 | P20: Sylviek | Q20: 3
A21: Pyrolaxian | B21: 4 | D21: nordic_marksman | E21: 8 | G21: mirest | H21: 4 | J21: sockodile | K21: 5 | M21: b_k_l_y | N21: 8 | P21: Bosscher47 | Q21: 3
A22: f4lcon | B22: 4 | D22: DragonSpawn | E22: 8 | G22: f4lcon | H22: 4 | J22: -Mangoloid | K22: 5 | M22: Anonymous | N22: 8 | P22: Rithvikstar123 | Q22: 3
A23: Alet404 | B23: 4 | D23: metalelf0 | E23: 8 | G23: Ummagumma- | H23: 4 | J23: TraceOfHumanity | K23: 5 | M23: Furu97 | N23: 8 | P23: CB5 | Q23: 3
A24: Jakebrickley | B24: 4 | D24: zigooloo | E24: 8 | G24: Sockodile | H24: 4 | J24: FreddieWhey | K24: 4 | M24: Ignatius_Reillys_Hat | N24: 8 | P24: Thaisis | Q24: 3
A25: glass_oni0n | B25: 4 | D25: sockodile | E25: 7 | G25: DragonSpawn | H25: 3 | J25: loveandmonsters | K25: 4 | M25: Kopite33 | N25: 8 | P25: Hawkeye5481 | Q25: 3
A26: Sonion | B26: 4 | D26: ASGT908 | E26: 7 | G26: yobroyobro | H26: 3 | J26: DefinitelyNotBarney | K26: 4 | M26: AngryScotty22 | N26: 8 | P26: Neildrill | Q26: 3
A27: NoSalahNoParty | B27: 4 | D27: MatSa_ | E27: 6 | G27: Apprehensive_Leg5209 | H27: 3 | J27: Qqq666 | K27: 4 | M27: Ninovd | N27: 8 | P27: nordic_marksman | Q27: 3
A28: Kingudam767 | B28: 4 | D28: WaifuWarrior18 | E28: 5 | G28: TraceOfHumanity | H28: 3 | J28: aeceus | K28: 4 | M28: zigooloo | N28: 8 | P28: blabla12356 | Q28: 3
A29: MadeMIGMIG | B29: 3 | D29: That_welsh_guy | E29: 5 | G29: Alet404 | H29: 2 | J29: MachineSuccesful175 | K29: 4 | M29: skycloudfanfic | N29: 8 | P29: Ignatius_Reillys_Hat | Q29: 3
... A31: Ummagumma- | B31: 3 | D31: TraceOfHumanity | E31: 5 | G31: b112b112b | H31: 1 | J31: Wafflebreeder | K31: 4 | M31: WaifuWarrior18 | N31: 7 | P31: yobroyobro | Q31: 2
A32: Dudhjalebi | B32: 3 | D32: zzupler | E32: 5 | J32: ExCroGamer | K32: 4 | M32: 128palms | N32: 7 | P32: zigooloo | Q32: 2
A33: Ninovd | B33: 3 | D33: JeremyJ | E33: 5 | J33: No-Comfortable5902 | K33: 4 | M33: Neildrill | N33: 7 | P33: Shoumaker | Q33: 2
A34: ASGT908 | B34: 3 | D34: Jack__Beanz | E34: 5 | J34: b_k_l_y | K34: 4 | M34: aeceus | N34: 7 | P34: djnole | Q34: 2
A35: loveandmonsters | B35: 3 | D35: MrCCCraft | E35: 5 | J35: nordic_marksman | K35: 3 | M35: UniversalStall0ne | N35: 7
A36: nunyaXS | B36: 3 | D36: Allstar3553 | E36: 5 | J36: zigooloo | K36: 3 | M36: narwoolTF2 | N36: 7
A37: AngryScotty22 | B37: 3 | D37: skycloudfanfic | E37: 5 | J37: McyNmiFT | K37: 3 | M37: Shoumaker | N37: 6
A38: Ignatius_Reillys_Hat | B38: 3 | D38: Informal_Nobody_7020 | E38: 5 | J38: Rithvikstar123 | K38: 3 | M38: MadeMIGMIG | N38: 5
A39: Informal_Nobody_7020 | B39: 3 | D39: Cactuar1989 | E39: 5 | J39: MadeMIGMIG | K39: 3 | M39: ExCroGamer | N39: 4
A40: LFC908 | B40: 3 | D40: mantj23 | E40: 5 | J40: Ninovd | K40: 3
A41: SerialExperimentLean | B41: 3 | D41: Anuj_agarwal_78 | E41: 5 | J41: CB5 | K41: 1
A42: clasicgap529 | B42: 3 | D42: J_Stargazer | E42: 5
A43: BreakingShermorty | B43: 3 | D43: Cl414 | E43: 4
A44: gopher246 | B44: 3 | D44: davidlpool1982 | E44: 4
A45: DragonSpawn | B45: 3 | D45: Furu97 | E45: 4
A46: Assyoghurt | B46: 3 | D46: narwoolTF2 | E46: 3
A47: asparagusdreaming | B47: 2 | D47: HuskyFeline0927 | E47: 3
A48: sjrotella | B48: 2 | D48: Alet404 | E48: 2
A49: ilieboutmypeensize | B49: 2 | D49: Rithvikstar123 | E49: 2
A50: davidlpool1982 | B50: 2
A51: WholeJotaLove | B51: 2
A52: Mangoloid- | B52: 2
A53: ExCroGamer | B53: 2
A54: DCDA192 | B54: 2
A55: Averagefrogenjoyer49 | B55: 2
A56: yobroyobro | B56: 0

Sheet Sheet2
A1: {=sort('Form Responses 1'!N2:O212,'Form Responses 1'!N2:N212,1)} -> -Mangoloid | B1: 5 | D1: =A1 -> -Mangoloid | E1: =B1 -> 5 | M1: {=sort(D1:E1000,E1:E1000,0)} -> bloodyfeelin | N1: 10
A2: 128palms | B2: 7 | D2: =IF(A2=A1,"",A2) -> 128palms | E2: =B2 -> 7 | M2: crepss | N2: 10
A3: 26ld | B3: 5 | D3: =IF(A3=A2,"",A3) -> 26ld | E3: =B3 -> 5 | N3: 10
A4: aeceus | B4: 4 | D4: =IF(A4=A3,"",A4) -> aeceus | E4: =B4 -> 4 | M4: IkkeLilje | N4: 10
A5: aeceus | B5: 7 | D5: =IF(A5=A4,"",A5) | E5: =B5 -> 7 | M5: JeremysJacquet | N5: 10
A6: AffectionateLeg9895 | B6: 3 | D6: =IF(A6=A5,"",A6) -> AffectionateLeg9895 | E6: =B6 -> 3 | N6: 10
A7: afternoonshat | B7: 6 | D7: =IF(A7=A6,"",A7) -> afternoonshat | E7: =B7 -> 6 | M7: Medaculous | N7: 10
A8: Alet404 | B8: 4 | D8: =IF(A8=A7,"",A8) -> Alet404 | E8: =B8 -> 4 | N8: 10
A9: Alet404 | B9: 2 | D9: =IF(A9=A8,"",A9) | E9: =B9 -> 2 | N9: 9
A10: Alet404 | B10: 2 | D10: =IF(A10=A9,"",A10) | E10: =B10 -> 2 | M10: ArrozConPollo08 | N10: 9
A11: Alet404 | B11: 5 | D11: =IF(A11=A10,"",A11) | E11: =B11 -> 5 | M11: Art_schlock | N11: 9
A12: Alet404 | B12: 8 | D12: =IF(A12=A11,"",A12) | E12: =B12 -> 8 | N12: 9
A13: Allstar3553 | B13: 5 | D13: =IF(A13=A12,"",A13) -> Allstar3553 | E13: =B13 -> 5 | M13: dahi-hater12 | N13: 9
A14: AndyB_1010 | B14: 6 | D14: =IF(A14=A13,"",A14) -> AndyB_1010 | E14: =B14 -> 6 | N14: 9
A15: AngryScotty22 | B15: 3 | D15: =IF(A15=A14,"",A15) -> AngryScotty22 | E15: =B15 -> 3 | M15: IisIgnorantAF | N15: 9
A16: AngryScotty22 | B16: 9 | D16: =IF(A16=A15,"",A16) | E16: =B16 -> 9 | M16: iroh027 | N16: 9
A17: AngryScotty22 | B17: 6 | D17: =IF(A17=A16,"",A17) | E17: =B17 -> 6 | M17: Janus93r | N17: 9
A18: AngryScotty22 | B18: 8 | D18: =IF(A18=A17,"",A18) -> AngryScotty22 | E18: =B18 -> 8 | M18: KickStanKick | N18: 9
A19: Anonymous | B19: 8 | D19: =IF(A19=A18,"",A19) -> Anonymous | E19: =B19 -> 8 | M19: Konapleto | N19: 9
A20: Anuj_agarwal_78 | B20: 5 | D20: =IF(A20=A19,"",A20) -> Anuj_agarwal_78 | E20: =B20 -> 5 | M20: Koplade | N20: 9
A21: Apprehensive_Leg5209 | B21: 3 | D21: =IF(A21=A20,"",A21) -> Apprehensive_Leg5209 | E21: =B21 -> 3 | M21: Loud_Jellyfish_6267 | N21: 9
A22: ArrozConPollo08 | B22: 9 | D22: =IF(A22=A21,"",A22) -> ArrozConPollo08 | E22: =B22 -> 9 | N22: 9
A23: Art_schlock | B23: 9 | D23: =IF(A23=A22,"",A23) -> Art_schlock | E23: =B23 -> 9 | N23: 9
A24: ASGT908 | B24: 3 | D24: =IF(A24=A23,"",A24) -> ASGT908 | E24: =B24 -> 3 | M24: Mrchestofdrawers | N24: 9
A25: ASGT908 | B25: 7 | D25: =IF(A25=A24,"",A25) | E25: =B25 -> 7 | M25: No-Syrup8581 | N25: 9
A26: ASGT908 | B26: 5 | D26: =IF(A26=A25,"",A26) | E26: =B26 -> 5 | N26: 9
A27: ASGT908 | B27: 9 | D27: =IF(A27=A26,"",A27) | E27: =B27 -> 9 | N27: 9
A28: asparagusdreaming | B28: 2 | D28: =IF(A28=A27,"",A28) -> asparagusdreaming | E28: =B28 -> 2 | M28: RandomGuySayHii | N28: 9
A29: asparagusdreaming | B29: 7 | D29: =IF(A29=A28,"",A29) | E29: =B29 -> 7 | N29: 9
A30: Assyoghurt | B30: 3 | D30: =IF(A30=A29,"",A30) -> Assyoghurt | E30: =B30 -> 3 | N30: 9
A31: Averagefrogenjoyer49 | B31: 2 | D31: =IF(A31=A30,"",A31) -> Averagefrogenjoyer49 | E31: =B31 -> 2 | M31: TB_barky | N31: 9
A32: b_k_l_y | B32: 4 | D32: =IF(A32=A31,"",A32) -> b_k_l_y | E32: =B32 -> 4 | N32: 9
A33: b_k_l_y | B33: 8 | D33: =IF(A33=A32,"",A33) | E33: =B33 -> 8 | N33: 9
A34: b112b112b | B34: 1 | D34: =IF(A34=A33,"",A34) -> b112b112b | E34: =B34 -> 1 | N34: 9
A35: b112b112b | B35: 5 | D35: =IF(A35=A34,"",A35) | E35: =B35 -> 5 | N35: 8
A36: b112b112b | B36: 8 | D36: =IF(A36=A35,"",A36) | E36: =B36 -> 8 | M36: AngryScotty22 | N36: 8
A37: Babyfaceknees | B37: 6 | D37: =IF(A37=A36,"",A37) -> Babyfaceknees | E37: =B37 -> 6 | M37: Anonymous | N37: 8
A38: blackjack47 | B38: 5 | D38: =IF(A38=A37,"",A38) -> blackjack47 | E38: =B38 -> 5 | N38: 8
A39: bloodyfeelin | B39: 10 | D39: =IF(A39=A38,"",A39) -> bloodyfeelin | E39: =B39 -> 10 | N39: 8
A40: bosscher47 | B40: 4 | D40: =IF(A40=A39,"",A40) -> bosscher47 | E40: =B40 -> 4 | N40: 8
A41: BreakingShermorty | B41: 3 | D41: =IF(A41=A40,"",A41) -> BreakingShermorty | E41: =B41 -> 3 | N41: 8
A42: Cactuar1989 | B42: 5 | D42: =IF(A42=A41,"",A42) -> Cactuar1989 | E42: =B42 -> 5 | N42: 8
A43: CB5 | B43: 4 | D43: =IF(A43=A42,"",A43) -> CB5 | E43: =B43 -> 4 | N43: 8
A44: CB5 | B44: 1 | D44: =IF(A44=A43,"",A44) | E44: =B44 -> 1 | M44: Kopite33 | N44: 8
A45: chopke | B45: 4 | D45: =IF(A45=A44,"",A45) -> chopke | E45: =B45 -> 4 | M45: Lanky_Comment_6452 | N45: 8
A46: Cl414 | B46: 4 | D46: =IF(A46=A45,"",A46) -> Cl414 | E46: =B46 -> 4 | M46: metalelf0 | N46: 8
A47: clasicgap529 | B47: 3 | D47: =IF(A47=A46,"",A47) -> clasicgap529 | E47: =B47 -> 3 | N47: 8
A48: crepss | B48: 10 | D48: =IF(A48=A47,"",A48) -> crepss | E48: =B48 -> 10 | M48: nordic_marksman | N48: 8
A49: dahi-hater12 | B49: 9 | D49: =IF(A49=A48,"",A49) -> dahi-hater12 | E49: =B49 -> 9 | N49: 8
A50: davidlpool1982 | B50: 2 | D50: =IF(A50=A49,"",A50) -> davidlpool1982 | E50: =B50 -> 2 | N50: 8
A51: davidlpool1982 | B51: 4 | D51: =IF(A51=A50,"",A51) | E51: =B51 -> 4 | N51: 8
A52: DCDA192 | B52: 2 | D52: =IF(A52=A51,"",A52) -> DCDA192 | E52: =B52 -> 2 | N52: 8
A53: DefinitelyNotBarney | B53: 4 | D53: =IF(A53=A52,"",A53) -> DefinitelyNotBarney | E53: =B53 -> 4 | M53: 128palms | N53: 7
A54: DefinitelyNotBarney | B54: 4 | D54: =IF(A54=A53,"",A54) | E54: =B54 -> 4 | N54: 7
A55: Downtown-Peach-2326 | B55: 4 | D55: =IF(A55=A54,"",A55) -> Downtown-Peach-2326 | E55: =B55 -> 4 | N55: 7
A56: DragonSpawn | B56: 3 | D56: =IF(A56=A55,"",A56) -> DragonSpawn | E56: =B56 -> 3 | N56: 7
A57: DragonSpawn | B57: 8 | D57: =IF(A57=A56,"",A57) | E57: =B57 -> 8 | N57: 7
A58: DragonSpawn | B58: 3 | D58: =IF(A58=A57,"",A58) | E58: =B58 -> 3 | N58: 7
A59: Dudhjalebi | B59: 3 | D59: =IF(A59=A58,"",A59) -> Dudhjalebi | E59: =B59 -> 3 | N59: 7
A60: Everybodylies7 | B60: 5 | D60: =IF(A60=A59,"",A60) -> Everybodylies7 | E60: =B60 -> 5 | M60: none | N60: 7
A61: ExCroGamer | B61: 2 | D61: =IF(A61=A60,"",A61) -> ExCroGamer | E61: =B61 -> 2 | N61: 7
A62: ExCroGamer | B62: 2 | D62: =IF(A62=A61,"",A62) | E62: =B62 -> 2 | M62: UniversalStall0ne | N62: 7
A63: ExCroGamer | B63: 4 | D63: =IF(A63=A62,"",A63) | E63: =B63 -> 4 | N63: 7
A64: ExCroGamer | B64: 4 | D64: =IF(A64=A63,"",A64) | E64: =B64 -> 4 | N64: 7
A65: f4lcon | B65: 4 | D65: =IF(A65=A64,"",A65) -> f4lcon | E65: =B65 -> 4 | M65: afternoonshat | N65: 6
A66: f4lcon | B66: 10 | D66: =IF(A66=A65,"",A66) | E66: =B66 -> 10 | M66: AndyB_1010 | N66: 6
A67: f4lcon | B67: 4 | D67: =IF(A67=A66,"",A67) | E67: =B67 -> 4 | N67: 6
A68: f4lcon | B68: 9 | D68: =IF(A68=A67,"",A68) | E68: =B68 -> 9 | M68: Babyfaceknees | N68: 6
A69: FreddieWhey | B69: 4 | D69: =IF(A69=A68,"",A69) -> FreddieWhey | E69: =B69 -> 4 | N69: 6
A70: Furu97 | B70: 4 | D70: =IF(A70=A69,"",A70) -> Furu97 | E70: =B70 -> 4 | M70: Joopface | N70: 6
A71: Furu97 | B71: 8 | D71: =IF(A71=A70,"",A71) | E71: =B71 -> 8 | M71: kopite33 | N71: 6
A72: glass_oni0n | B72: 4 | D72: =IF(A72=A71,"",A72) -> glass_oni0n | E72: =B72 -> 4 | M72: mantj23 | N72: 6
A73: gopher246 | B73: 3 | D73: =IF(A73=A72,"",A73) -> gopher246 | E73: =B73 -> 3 | N73: 6
A74: Gremlin2471 | B74: 4 | D74: =IF(A74=A73,"",A74) -> Gremlin2471 | E74: =B74 -> 4 | M74: MatSa_ | N74: 6
A75: HuskyFeline0927 | B75: 3 | D75: =IF(A75=A74,"",A75) -> HuskyFeline0927 | E75: =B75 -> 3 | M75: mchto | N75: 6
A76: HuskyFeline0927 | B76: 7 | D76: =IF(A76=A75,"",A76) | E76: =B76 -> 7 | M76: pagansaints | N76: 6
A77: iamm4r4 | B77: 5 | D77: =IF(A77=A76,"",A77) -> iamm4r4 | E77: =B77 -> 5 | M77: Ponzales | N77: 6
A78: Ignatius_Reillys_Hat | B78: 3 | D78: =IF(A78=A77,"",A78) -> Ignatius_Reillys_Hat | E78: =B78 -> 3 | M78: ross_a_m | N78: 6
A79: Ignatius_Reillys_Hat | B79: 6 | D79: =IF(A79=A78,"",A79) | E79: =B79 -> 6 | M79: Shoumaker | N79: 6
A80: Ignatius_Reillys_Hat | B80: 5 | D80: =IF(A80=A79,"",A80) | E80: =B80 -> 5 | N80: 6
A81: Ignatius_Reillys_Hat | B81: 8 | D81: =IF(A81=A80,"",A81) | E81: =B81 -> 8 | M81: sockodile | N81: 6
A82: IisIgnorantAF | B82: 9 | D82: =IF(A82=A81,"",A82) -> IisIgnorantAF | E82: =B82 -> 9 | M82: SpiritedBed2305 | N82: 6
A83: IisIgnorantAF | B83: 8 | D83: =IF(A83=A82,"",A83) | E83: =B83 -> 8 | M83: TheLoudAss | N83: 6
A84: IkkeLilje | B84: 10 | D84: =IF(A84=A83,"",A84) -> IkkeLilje | E84: =B84 -> 10 | M84: zigooloo | N84: 6
A85: ilieboutmypeensize | B85: 2 | D85: =IF(A85=A84,"",A85) -> ilieboutmypeensize | E85: =B85 -> 2 | M85: -Mangoloid | N85: 5
A86: Informal_Nobody_7020 | B86: 3 | D86: =IF(A86=A85,"",A86) -> Informal_Nobody_7020 | E86: =B86 -> 3 | M86: 26ld | N86: 5
A87: Informal_Nobody_7020 | B87: 5 | D87: =IF(A87=A86,"",A87) | E87: =B87 -> 5 | N87: 5
A88: Informal_Nobody_7020 | B88: 4 | D88: =IF(A88=A87,"",A88) | E88: =B88 -> 4 | M88: Allstar3553 | N88: 5
A89: iroh027 | B89: 9 | D89: =IF(A89=A88,"",A89) -> iroh027 | E89: =B89 -> 9 | M89: Anuj_agarwal_78 | N89: 5
A90: J_Stargazer | B90: 5 | D90: =IF(A90=A89,"",A90) -> J_Stargazer | E90: =B90 -> 5 | N90: 5
A91: Jack__Beanz | B91: 5 | D91: =IF(A91=A90,"",A91) -> Jack__Beanz | E91: =B91 -> 5 | N91: 5
A92: Jakebrickley | B92: 4 | D92: =IF(A92=A91,"",A92) -> Jakebrickley | E92: =B92 -> 4 | M92: blackjack47 | N92: 5
A93: Janus93r | B93: 9 | D93: =IF(A93=A92,"",A93) -> Janus93r | E93: =B93 -> 9 | M93: Cactuar1989 | N93: 5
A94: JeremyJ | B94: 5 | D94: =IF(A94=A93,"",A94) -> JeremyJ | E94: =B94 -> 5 | M94: Everybodylies7 | N94: 5
A95: JeremysJacquet | B95: 10 | D95: =IF(A95=A94,"",A95) -> JeremysJacquet | E95: =B95 -> 10 | M95: iamm4r4 | N95: 5
A96: JeremysJacquet | B96: 4 | D96: =IF(A96=A95,"",A96) | E96: =B96 -> 4 | N96: 5
A97: JhnCook | B97: 5 | D97: =IF(A97=A96,"",A97) -> JhnCook | E97: =B97 -> 5 | N97: 5
A98: Joopface | B98: 6 | D98: =IF(A98=A97,"",A98) -> Joopface | E98: =B98 -> 6 | M98: J_Stargazer | N98: 5
A99: KickStanKick | B99: 9 | D99: =IF(A99=A98,"",A99) -> KickStanKick | E99: =B99 -> 9 | M99: Jack__Beanz | N99: 5
A100: Kingudam767 | B100: 4 | D100: =IF(A100=A99,"",A100) -> Kingudam767 | E100: =B100 -> 4 | M100: JeremyJ | N100: 5
...
